Sl.No,Meter No,RFID,X Coordinate,Y Coordinate,METER_ADDRESS,Pipe size
1,PMC1518019753,10130333331,18.587209100000003,73.8604051,1013-033-3331,15
2,PMC1518019981,10130333559,18.58737,73.860279,1013-033-3559,15
3,PMC1518019982,10130333560,18.58737,73.860279,1013-033-3560,15
4,PMC1518019983,10130333561,18.587343,73.860295,1013-033-3561,15
5,PMC1518019985,10130333563,18.587456,73.86026,1013-033-3563,15
6,PMC1518019037,10130332615,18.586963,73.860447,1013-033-2615,15
7,PMC1518019635,10130333213,18.58717,73.86033,1013-033-3213,15
8,PMC1518019638,10130333216,18.587177,73.86033,1013-033-3216,15
9,PMC1518019751,10130333329,18.58719,73.860336,1013-033-3329,15
10,PMC1518019754,10130333332,18.587604000000002,73.860375,1013-033-3332,15
11,PMC1518018813,10130332391,18.5876782,73.8634691,1013-033-2391,15
12,PMC1518018814,10130332392,18.5877557,73.8635536,1013-033-2392,15
13,PMC1518019928,10130333506,18.587782999999998,73.863322,1013-033-3506,15
14,PMC1518019063,10130332641,18.5882711,73.863618,1013-033-2641,15
15,PMC1518019639,10130333217,18.587177,73.86033,1013-033-3217,15
16,PMC1518019640,10130333218,18.587142999999998,73.860311,1013-033-3218,15
17,PMC1518019743,10130333321,18.587642000000002,73.860316,1013-033-3321,15
18,PMC1518019744,10130333322,18.587575,73.860383,1013-033-3322,15
19,PMC1518019748,10130333326,18.587705,73.860291,1013-033-3326,15
20,PMC1518019755,10130333333,18.587659,73.86030799999999,1013-033-3333,15
21,PMC1518019758,10130333336,18.587489,73.860272,1013-033-3336,15
22,PMC1518019759,10130333337,18.587,73.86030799999999,1013-033-3337,15
23,PMC1518019760,10130333338,18.587575,73.860383,1013-033-3338,15
24,PMC1518019683,10130333261,18.587479000000002,73.86336700000001,1013-033-3261,15
25,PMC1518019684,10130333262,18.587498999999998,73.863435,1013-033-3262,15
26,PMC1518019687,10130333265,18.586882,73.863385,1013-033-3265,15
27,PMC1518019742,10130333320,18.587366,73.863244,1013-033-3320,15
28,PMC1518019745,10130333323,18.586835999999998,73.863378,1013-033-3323,15
29,PMC1518019746,10130333324,18.587378,73.863466,1013-033-3324,15
30,PMC1518019747,10130333325,18.587378,73.863466,1013-033-3325,15
31,PMC1518019749,10130333327,18.587065,73.863444,1013-033-3327,15
32,PMC1518019984,10130333562,18.586791,73.863152,1013-033-3562,15
33,PMC1518019767,10130333345,18.588658,73.863285,1013-033-3345,15
34,PMC1518019768,10130333346,18.588658,73.863285,1013-033-3346,15
35,PMC1518019769,10130333347,18.588658,73.863285,1013-033-3347,15
36,PMC1518019616,10130333194,18.587416,73.863005,1013-033-3194,15
37,PMC1518019619,10130333197,18.586826000000002,73.862974,1013-033-3197,15
38,PMC1518019620,10130333198,18.587477,73.863326,1013-033-3198,15
39,PMC1518019671,10130333249,18.587477,73.863326,1013-033-3249,15
40,PMC1518019672,10130333250,18.58745,73.863254,1013-033-3250,15
41,PMC1518019673,10130333251,18.587032100000002,73.86305779999999,1013-033-3251,15
42,PMC1518019674,10130333252,18.5871525,73.8631791,1013-033-3252,15
43,PMC1518019675,10130333253,18.586891,73.86303199999999,1013-033-3253,15
44,PMC1518019676,10130333254,18.587494,73.863414,1013-033-3254,15
45,PMC1518019677,10130333255,18.587246,73.863036,1013-033-3255,15
46,PMC1518019678,10130333256,18.587334,73.863031,1013-033-3256,15
47,PMC1518019679,10130333257,18.5871799,73.86319350000001,1013-033-3257,15
48,PMC1518019680,10130333258,18.5863,73.86305,1013-033-3258,15
49,PMC1518019793,10130333371,18.588581,73.863351,1013-033-3371,15
50,PMC1518019987,10130333565,18.586771,73.863072,1013-033-3565,15
51,PMC2018008908,10130362165,18.586673,73.863102,1013-036-2165,20
52,PMC2018008909,10130362166,18.586673,73.863102,1013-036-2166,20
53,PMC2018008910,10130362167,18.586673,73.863102,1013-036-2167,20
54,PMC1518019791,10130333369,18.588563,73.863413,1013-033-3369,15
55,PMC1518019794,10130333372,18.588678,73.863421,1013-033-3372,15
56,PMC1518019795,10130333373,18.5885,73.863445,1013-033-3373,15
57,PMC1518019798,10130333376,18.588604999999998,73.86345,1013-033-3376,15
58,PMC1518019408,10130332986,18.589696,73.863324,1013-033-2986,15
59,PMC1518019409,10130332987,18.589626000000003,73.86337900000001,1013-033-2987,15
60,PMC1518019410,10130332988,18.589626000000003,73.86337900000001,1013-033-2988,15
61,PMC1518019682,10130333260,18.589311600000002,73.867598,1013-033-3260,15
62,PMC1518019711,10130333289,18.589307,73.863567,1013-033-3289,15
63,PMC1518019712,10130333290,18.5893615,73.86362170000001,1013-033-3290,15
64,PMC1518019713,10130333291,18.589329,73.863729,1013-033-3291,15
65,PMC1518019718,10130333296,18.589482999999998,73.863642,1013-033-3296,15
66,PMC1518019719,10130333297,18.589497199999997,73.86325699999999,1013-033-3297,15
67,PMC1518019763,10130333341,18.589329,73.863729,1013-033-3341,15
68,PMC1518019764,10130333342,18.589413600000004,73.8637535,1013-033-3342,15
69,PMC1518019691,10130333269,18.588743,73.863323,1013-033-3269,15
70,PMC1518019029,10130332607,18.588508899999997,73.8637273,1013-033-2607,15
71,PMC1518019030,10130332608,18.588573,73.8637085,1013-033-2608,15
72,PMC1518019027,10130332605,18.588836800000003,73.86365190000001,1013-033-2605,15
73,PMC1518019540,10130333118,18.5890103,73.86369140000001,1013-033-3118,15
74,PMC1518019061,10130332639,18.5886728,73.8636022,1013-033-2639,15
75,PMC1518019062,10130332640,18.5885886,73.8636203,1013-033-2640,15
76,PMC1518019064,10130332642,18.588825,73.8635651,1013-033-2642,15
77,PMC1518019781,10130333359,18.590249,73.863929,1013-033-3359,15
78,PMC1518019782,10130333360,18.590249,73.863929,1013-033-3360,15
79,PMC1518019783,10130333361,18.590192000000002,73.864102,1013-033-3361,15
80,PMC1518019784,10130333362,18.590132,73.8639,1013-033-3362,15
81,PMC1518019785,10130333363,18.589882,73.86434890000001,1013-033-3363,15
82,PMC1518019786,10130333364,18.590162,73.863853,1013-033-3364,15
83,PMC1518019787,10130333365,18.590162,73.863853,1013-033-3365,15
84,PMC1518019788,10130333366,18.590191,73.86381300000001,1013-033-3366,15
85,PMC1518019789,10130333367,18.590172,73.863798,1013-033-3367,15
86,PMC1518019954,10130333532,18.590217000000003,73.863976,1013-033-3532,15
87,PMC1518019567,10130333145,18.591597,73.863773,1013-033-3145,15
88,PMC2018008981,10130362238,18.5901788,73.8635084,1013-036-2238,20
89,PMC2018008988,10130362245,18.590566,73.86353299999999,1013-036-2245,20
90,PMC1518019665,10130333243,18.5898003,73.8641873,1013-033-3243,15
91,PMC1518019670,10130333248,18.59003,73.864188,1013-033-3248,15
92,PMC1519033731,10110694044,18.5902306,73.86375109999999,1011-069-4044,15
93,PMC1518019792,10130333370,18.590032,73.864188,1013-033-3370,15
94,PMC1518019445,10130333023,18.5914703,73.86386379999999,1013-033-3023,15
95,PMC1518019471,10130333049,18.591027,73.863147,1013-033-3049,15
96,PMC1518019473,10130333051,18.591022,73.863726,1013-033-3051,15
97,PMC1518019474,10130333052,18.591019,73.86378,1013-033-3052,15
98,PMC1518019561,10130333139,18.590165,73.863765,1013-033-3139,15
99,PMC1518019562,10130333140,18.591022,73.863726,1013-033-3140,15
100,PMC1518019570,10130333148,18.591597,73.863773,1013-033-3148,15
101,PMC1518019664,10130333242,18.5898003,73.8641873,1013-033-3242,15
102,PMC1518019669,10130333247,18.5898003,73.8641873,1013-033-3247,15
103,PMC1518019931,10130333509,18.591227,73.863664,1013-033-3509,15
104,PMC1518019933,10130333511,18.591227,73.863664,1013-033-3511,15
105,PMC1518019663,10130333241,18.5896405,73.8642627,1013-033-3241,15
106,PMC1518019668,10130333246,18.5896843,73.8641829,1013-033-3246,15
107,PMC1519034255,10130466311,18.5897568,73.8637405,1013-046-6311,15
108,PMC1518019702,10130333280,18.589645,73.863824,1013-033-3280,15
109,PMC1518019703,10130333281,18.589645,73.863824,1013-033-3281,15
110,PMC1518019704,10130333282,18.590051000000003,73.86334557,1013-033-3282,15
111,PMC1518019706,10130333284,18.5897568,73.8637405,1013-033-3284,15
112,PMC1518019707,10130333285,18.5897568,73.8637405,1013-033-3285,15
113,PMC1518019725,10130333303,18.589643,73.8641642,1013-033-3303,15
114,PMC1518019726,10130333304,18.589586999999998,73.86392099999999,1013-033-3304,15
115,PMC1518019727,10130333305,18.589585,73.86392099999999,1013-033-3305,15
116,PMC1518018957,10130332535,18.5894895,73.8642332,1013-033-2535,15
117,PMC1518018959,10130332537,18.5894895,73.8642332,1013-033-2537,15
118,PMC1518019705,10130333283,18.590051000000003,73.86334557,1013-033-3283,15
119,PMC1518019708,10130333286,18.589707,73.86385200000001,1013-033-3286,15
120,PMC1518019709,10130333287,18.589805,73.86381899999999,1013-033-3287,15
121,PMC1518019710,10130333288,18.58977,73.863709,1013-033-3288,15
122,PMC1518019721,10130333299,18.589816,73.863646,1013-033-3299,15
123,PMC1518019722,10130333300,18.589585,73.86392099999999,1013-033-3300,15
124,PMC1518019723,10130333301,18.5897215,73.8639985,1013-033-3301,15
125,PMC1518019729,10130333307,18.589803,73.864115,1013-033-3307,15
126,PMC1518019730,10130333308,18.589803,73.864115,1013-033-3308,15
127,PMC1518019762,10130333340,18.5898081,73.86381899999999,1013-033-3340,15
128,PMC1518019765,10130333343,18.590051000000003,73.86334557,1013-033-3343,15
129,PMC1518019766,10130333344,18.590051000000003,73.86334557,1013-033-3344,15
130,PMC1518019770,10130333348,18.589816,73.863646,1013-033-3348,15
131,PMC1518019929,10130333507,18.586238,73.861513,1013-033-3507,15
132,PMC1518019930,10130333508,18.586147,73.861528,1013-033-3508,15
133,PMC1518019688,10130333266,18.586986,73.863417,1013-033-3266,15
134,PMC1518019689,10130333267,18.586986,73.863417,1013-033-3267,15
135,PMC1518019741,10130333319,18.587004999999998,73.863428,1013-033-3319,15
136,PMC1518019067,10130332645,18.587248000000002,73.86149499999999,1013-033-2645,15
137,PMC1518019972,10130333550,18.58739,73.861356,1013-033-3550,15
138,PMC1518019973,10130333551,18.587149,73.86151,1013-033-3551,15
139,PMC1518019974,10130333552,18.587149,73.86151,1013-033-3552,15
140,PMC1518019975,10130333553,18.587248000000002,73.86149499999999,1013-033-3553,15
141,PMC1518019977,10130333555,18.587434,73.861337,1013-033-3555,15
142,PMC2018008954,10130362211,18.587434,73.861337,1013-036-2211,20
143,PMC2018008955,10130362212,18.587501,73.86145400000001,1013-036-2212,20
144,PMC1518019624,10130333202,18.587351,73.86176800000001,1013-033-3202,15
145,PMC1518019625,10130333203,18.587279000000002,73.861799,1013-033-3203,15
146,PMC1518019628,10130333206,18.587391,73.861857,1013-033-3206,15
147,PMC1518019629,10130333207,18.587351,73.86176800000001,1013-033-3207,15
148,PMC1518019630,10130333208,18.587279000000002,73.861799,1013-033-3208,15
149,PMC1518019476,10130333054,18.5878952,73.861432,1013-033-3054,15
150,PMC1518019481,10130333059,18.587882500000003,73.8615125,1013-033-3059,15
151,PMC1518019483,10130333061,18.587981,73.8606649,1013-033-3061,15
152,PMC1518019484,10130333062,18.5878081,73.8611477,1013-033-3062,15
153,PMC1518019485,10130333063,18.587945,73.86105500000001,1013-033-3063,15
154,PMC1518019486,10130333064,18.587818600000002,73.8611215,1013-033-3064,15
155,PMC1518019488,10130333066,18.588017999999998,73.860527,1013-033-3066,15
156,PMC1518019490,10130333068,18.588017999999998,73.860527,1013-033-3068,15
157,PMC1518019511,10130333089,18.587785,73.862164,1013-033-3089,15
158,PMC1518019512,10130333090,18.587691,73.862025,1013-033-3090,15
159,PMC1518019513,10130333091,18.58768,73.862116,1013-033-3091,15
160,PMC1518019536,10130333114,18.587822,73.861818,1013-033-3114,15
161,PMC1518019537,10130333115,18.587809,73.861985,1013-033-3115,15
162,PMC1518019538,10130333116,18.587823,73.861874,1013-033-3116,15
163,PMC1518019034,10130332612,18.58778,73.862337,1013-033-2612,15
164,PMC1518019478,10130333056,18.587988,73.86048100000001,1013-033-3056,15
165,PMC1518019479,10130333057,18.587335999999997,73.861067,1013-033-3057,15
166,PMC1518019480,10130333058,18.587936,73.861067,1013-033-3058,15
167,PMC1518019487,10130333065,18.5878809,73.861541,1013-033-3065,15
168,PMC1518019489,10130333067,18.587881,73.861397,1013-033-3067,15
169,PMC1518019518,10130333096,18.58768,73.862116,1013-033-3096,15
170,PMC1518018803,10130332381,18.5876728,73.86321,1013-033-2381,15
171,PMC1518018804,10130332382,18.5877516,73.8632194,1013-033-2382,15
172,PMC1518018805,10130332383,18.5876728,73.86321,1013-033-2383,15
173,PMC1518018808,10130332386,18.5877522,73.86327800000001,1013-033-2386,15
174,PMC1518018809,10130332387,18.5877532,73.86313990000001,1013-033-2387,15
175,PMC1518018810,10130332388,18.5876728,73.86321,1013-033-2388,15
176,PMC1518018811,10130332389,18.5879505,73.8629481,1013-033-2389,15
177,PMC1518018812,10130332390,18.5877233,73.8630668,1013-033-2390,15
178,PMC1518018815,10130332393,18.587682,73.8636495,1013-033-2393,15
179,PMC1518018816,10130332394,18.5877036,73.86290890000001,1013-033-2394,15
180,PMC1518018817,10130332395,18.5877036,73.86290890000001,1013-033-2395,15
181,PMC1518018818,10130332396,18.5877907,73.8634651,1013-033-2396,15
182,PMC1518018819,10130332397,18.587757,73.86365759999998,1013-033-2397,15
183,PMC1518018820,10130332398,18.587757,73.86365759999998,1013-033-2398,15
184,PMC1518019028,10130332606,18.5882241,73.86375009999999,1013-033-2606,15
185,PMC1518019797,10130333375,18.587965899999997,73.863506,1013-033-3375,15
186,PMC1518019921,10130333499,18.588998,73.86349799999999,1013-033-3499,15
187,PMC1518019922,10130333500,18.589032,73.863403,1013-033-3500,15
188,PMC1518019989,10130333567,18.588998,73.86349799999999,1013-033-3567,15
189,PMC1518019662,10130333240,18.588221,73.863744,1013-033-3240,15
190,PMC1518019666,10130333244,18.588073,73.863646,1013-033-3244,15
191,PMC1518019667,10130333245,18.588073,73.863646,1013-033-3245,15
192,PMC1518019720,10130333298,18.588162,73.863775,1013-033-3298,15
193,PMC1518019799,10130333377,18.588162,73.863775,1013-033-3377,15
194,PMC1518019800,10130333378,18.588162,73.863775,1013-033-3378,15
195,PMC1518019021,10130332599,18.588352,73.863331,1013-033-2599,15
196,PMC1518018955,10130332533,18.5892849,73.8640012,1013-033-2533,15
197,PMC1518018958,10130332536,18.589298199999998,73.8640267,1013-033-2536,15
198,PMC1518018960,10130332538,18.589208,73.8639509,1013-033-2538,15
199,PMC1518019532,10130333110,18.5891492,73.863855,1013-033-3110,15
200,PMC1518018912,10130332490,18.59085,73.86458490000001,1013-033-2490,15
201,PMC1518018913,10130332491,18.590686899999998,73.86439920000001,1013-033-2491,15
202,PMC1518018914,10130332492,18.5907406,73.8644937,1013-033-2492,15
203,PMC1518018918,10130332496,18.590602,73.86394200000001,1013-033-2496,15
204,PMC1518018919,10130332497,18.5904492,73.864583,1013-033-2497,15
205,PMC1518018951,10130332529,18.5909202,73.86438340000001,1013-033-2529,15
206,PMC1518018952,10130332530,18.5909202,73.86438340000001,1013-033-2530,15
207,PMC1518018953,10130332531,18.590839199999998,73.86422490000001,1013-033-2531,15
208,PMC1518018954,10130332532,18.5909202,73.86438340000001,1013-033-2532,15
209,PMC1518018956,10130332534,18.590686899999998,73.86439920000001,1013-033-2534,15
210,PMC1518019436,10130333014,18.591109,73.8639345,1013-033-3014,15
211,PMC1518019516,10130333094,18.590839199999998,73.86422490000001,1013-033-3094,15
212,PMC1518019535,10130333113,18.591059100000003,73.8642755,1013-033-3113,15
213,PMC2018008997,10130362254,18.591062899999997,73.8642185,1013-036-2254,20
214,PMC1518019032,10130332610,18.588998,73.86349799999999,1013-033-2610,15
215,PMC1518019066,10130332644,18.5892315,73.8637233,1013-033-2644,15
216,PMC1518019453,10130333031,18.5907562,73.86504359999999,1013-033-3031,15
217,PMC1518019441,10130333019,18.5911967,73.8644304,1013-033-3019,15
218,PMC1518019442,10130333020,18.5913876,73.8641541,1013-033-3020,15
219,PMC1518019443,10130333021,18.5913876,73.8641541,1013-033-3021,15
220,PMC1518019444,10130333022,18.591427399999997,73.8640847,1013-033-3022,15
221,PMC1518019446,10130333024,18.591291000000002,73.86458329999999,1013-033-3024,15
222,PMC1518019450,10130333028,18.5911967,73.8644304,1013-033-3028,15
223,PMC1518019452,10130333030,18.590841,73.865096,1013-033-3030,15
224,PMC1518019455,10130333033,18.5907063,73.8651311,1013-033-3033,15
225,PMC1518019456,10130333034,18.5915863,73.86404509999998,1013-033-3034,15
226,PMC1518019457,10130333035,18.5915863,73.86404509999998,1013-033-3035,15
227,PMC1518019458,10130333036,18.590621,73.865107,1013-033-3036,15
228,PMC1518019522,10130333100,18.591396,73.864876,1013-033-3100,15
229,PMC1518019526,10130333104,18.591396,73.864876,1013-033-3104,15
230,PMC1518019528,10130333106,18.591396,73.864876,1013-033-3106,15
231,PMC2018008956,10130362213,18.5911967,73.8644304,1013-036-2213,20
232,PMC2018008990,10130362247,18.591427399999997,73.8640847,1013-036-2247,20
233,PMC1518019405,10130332983,18.589522,73.86341999999999,1013-033-2983,15
234,PMC1518019407,10130332985,18.589696,73.863324,1013-033-2985,15
235,PMC1518019559,10130333137,18.585751000000002,73.861988,1013-033-3137,15
236,PMC1518019601,10130333179,18.587169,73.861795,1013-033-3179,15
237,PMC1518019605,10130333183,18.585653,73.862107,1013-033-3183,15
238,PMC1518019606,10130333184,18.587121,73.861808,1013-033-3184,15
239,PMC1518019607,10130333185,18.587024,73.861913,1013-033-3185,15
240,PMC1518019608,10130333186,18.585981,73.86194300000001,1013-033-3186,15
241,PMC1518019609,10130333187,18.585538,73.862116,1013-033-3187,15
242,PMC1518019610,10130333188,18.585963,73.862064,1013-033-3188,15
243,PMC1518019623,10130333201,18.587391,73.861857,1013-033-3201,15
244,PMC1518019648,10130333226,18.587119,73.861813,1013-033-3226,15
245,PMC1518019649,10130333227,18.587119,73.861813,1013-033-3227,15
246,PMC1518018998,10130332576,18.5899777,73.90706170000001,1013-033-2576,15
247,PMC1518019470,10130333048,18.585586,73.863003,1013-033-3048,15
248,PMC1518019477,10130333055,18.587563,73.862703,1013-033-3055,15
249,PMC1518019501,10130333079,18.587646,73.862595,1013-033-3079,15
250,PMC1518019502,10130333080,18.587617,73.862691,1013-033-3080,15
251,PMC1518019503,10130333081,18.585845000000003,73.862829,1013-033-3081,15
252,PMC1518019504,10130333082,18.58592,73.86280699999999,1013-033-3082,15
253,PMC1519033759,10110694072,18.58592,73.86280699999999,1011-069-4072,15
254,PMC1518019508,10130333086,18.58592,73.86280699999999,1013-033-3086,15
255,PMC2018008995,10130362252,18.586353,73.862776,1013-036-2252,20
256,PMC2018009000,10130362257,18.586353,73.862716,1013-036-2257,20
257,PMC2018009002,10130362259,18.585901,73.86291899999999,1013-036-2259,20
258,PMC2018009003,10130362260,18.585884,73.86291999999999,1013-036-2260,20
259,PMC2018009006,10130362263,18.587308,73.86271500000001,1013-036-2263,20
260,PMC1518019449,10130333027,18.591388600000002,73.86443270000001,1013-033-3027,15
261,PMC1518019451,10130333029,18.590833,73.865086,1013-033-3029,15
262,PMC1518019454,10130333032,18.591178,73.865291,1013-033-3032,15
263,PMC1519032961,10110693274,18.591353,73.8648468,1011-069-3274,15
264,PMC1518019499,10130333077,18.591396,73.864876,1013-033-3077,15
265,PMC1518019500,10130333078,18.591396,73.864876,1013-033-3078,15
266,PMC1518019521,10130333099,18.591396,73.864876,1013-033-3099,15
267,PMC1518019524,10130333102,18.591396,73.864876,1013-033-3102,15
268,PMC1518019525,10130333103,18.5910597,73.86527530000001,1013-033-3103,15
269,PMC1518019527,10130333105,18.591396,73.864876,1013-033-3105,15
270,PMC1518019529,10130333107,18.591189399999998,73.86515759999999,1013-033-3107,15
271,PMC1518019530,10130333108,18.591189399999998,73.86515759999999,1013-033-3108,15
272,PMC1518019568,10130333146,18.591547,73.86404399999999,1013-033-3146,15
273,PMC1518019447,10130333025,18.5912361,73.8648914,1013-033-3025,15
274,PMC1518019167,10130332745,18.588853,73.862957,1013-033-2745,15
275,PMC1518019465,10130333043,18.585853,73.862957,1013-033-3043,15
276,PMC1518019466,10130333044,18.587308,73.86271500000001,1013-033-3044,15
277,PMC1518019468,10130333046,18.585838,73.862664,1013-033-3046,15
278,PMC1518019469,10130333047,18.585894,73.862946,1013-033-3047,15
279,PMC1519029345,10110689658,18.585838,73.862664,1011-068-9658,15
280,PMC1518019534,10130333112,18.585889,73.862981,1013-033-3112,15
281,PMC1518019539,10130333117,18.587335999999997,73.862633,1013-033-3117,15
282,PMC2018009004,10130362261,18.587335999999997,73.862633,1013-036-2261,20
283,PMC1518019459,10130333037,18.590977,73.865276,1013-033-3037,15
284,PMC1518019460,10130333038,18.5908843,73.865227,1013-033-3038,15
285,PMC1518019491,10130333069,18.591265,73.8646825,1013-033-3069,15
286,PMC1518019492,10130333070,18.591102,73.8647053,1013-033-3070,15
287,PMC1518019493,10130333071,18.5912742,73.8647952,1013-033-3071,15
288,PMC1518019494,10130333072,18.5913857,73.86485079999999,1013-033-3072,15
289,PMC1518019495,10130333073,18.5913857,73.86485079999999,1013-033-3073,15
290,PMC1518019496,10130333074,18.591148999999998,73.8648418,1013-033-3074,15
291,PMC1518019497,10130333075,18.591102,73.8647053,1013-033-3075,15
292,PMC1518019523,10130333101,18.5908843,73.865227,1013-033-3101,15
293,PMC1518019401,10130332979,18.586378,73.862003,1013-033-2979,15
294,PMC1518019402,10130332980,18.586057999999998,73.86205600000001,1013-033-2980,15
295,PMC1518019404,10130332982,18.586693,73.861941,1013-033-2982,15
296,PMC1518019406,10130332984,18.586693,73.861941,1013-033-2984,15
297,PMC1518019517,10130333095,18.587725,73.861956,1013-033-3095,15
298,PMC1518019553,10130333131,18.586481,73.8619,1013-033-3131,15
299,PMC1519033509,10110693822,18.586693,73.861941,1011-069-3822,15
300,PMC1518019558,10130333136,18.58638,73.862,1013-033-3136,15
301,PMC1518019692,10130333270,18.585887,73.861968,1013-033-3270,15
302,PMC1518019693,10130333271,18.585907000000002,73.862104,1013-033-3271,15
303,PMC1518019694,10130333272,18.586895000000002,73.861845,1013-033-3272,15
304,PMC1518019695,10130333273,18.586288,73.861941,1013-033-3273,15
305,PMC1518019696,10130333274,18.585594,73.86203,1013-033-3274,15
306,PMC1518019697,10130333275,18.585825,73.861987,1013-033-3275,15
307,PMC1518019698,10130333276,18.586104000000002,73.862034,1013-033-3276,15
308,PMC1518019699,10130333277,18.586288,73.861941,1013-033-3277,15
309,PMC1518019700,10130333278,18.586962,73.86183,1013-033-3278,15
310,PMC1518019776,10130333354,18.587564999999998,73.86182099999999,1013-033-3354,15
311,PMC1518019777,10130333355,18.587016000000002,73.861823,1013-033-3355,15
312,PMC1518019778,10130333356,18.587564999999998,73.86182099999999,1013-033-3356,15
313,PMC1518019462,10130333040,18.58711,73.862707,1013-033-3040,15
314,PMC1518019025,10130332603,18.587257,73.862617,1013-033-2603,15
315,PMC1518019166,10130332744,18.585646,73.862974,1013-033-2744,15
316,PMC1518019421,10130332999,18.585514,73.862822,1013-033-2999,15
317,PMC1518019422,10130333000,18.58738,73.862717,1013-033-3000,15
318,PMC1518019423,10130333001,18.58737,73.86261400000001,1013-033-3001,15
319,PMC1518019426,10130333004,18.585507,73.86281899999999,1013-033-3004,15
320,PMC1518019427,10130333005,18.586553,73.86273100000001,1013-033-3005,15
321,PMC1518019428,10130333006,18.587310000000002,73.86261400000001,1013-033-3006,15
322,PMC1518019432,10130333010,18.585552,73.863004,1013-033-3010,15
323,PMC1519033753,10110694066,18.585514,73.863007,1011-069-4066,15
324,PMC1518019434,10130333012,18.585553,73.863012,1013-033-3012,15
325,PMC1518019435,10130333013,18.586347,73.862921,1013-033-3013,15
326,PMC1519033752,10110694065,18.586248,73.862756,1011-069-4065,15
327,PMC1518019438,10130333016,18.585978,73.862797,1013-033-3016,15
328,PMC1518019439,10130333017,18.586112,73.86290600000001,1013-033-3017,15
329,PMC1518019440,10130333018,18.586057999999998,73.86291700000001,1013-033-3018,15
330,PMC1518019461,10130333039,18.58605,73.862902,1013-033-3039,15
331,PMC1518019463,10130333041,18.585707,73.862983,1013-033-3041,15
332,PMC1518019464,10130333042,18.586135000000002,73.862663,1013-033-3042,15
333,PMC1518019506,10130333084,18.585729,73.862983,1013-033-3084,15
334,PMC1518019507,10130333085,18.585814000000003,73.862992,1013-033-3085,15
335,PMC1518019514,10130333092,18.587633,73.862594,1013-033-3092,15
336,PMC1518019519,10130333097,18.585584,73.862806,1013-033-3097,15
337,PMC1518008717,10130299732,18.585667,73.86300200000001,1013-029-9732,15
338,PMC2018008998,10130362255,18.585639,73.862711,1013-036-2255,20
339,PMC2018004784,10130358041,18.585635,73.86279,1013-035-8041,20
340,PMC2018009001,10130362258,18.586112,73.86290600000001,1013-036-2258,20
341,PMC2018009005,10130362262,18.586554,73.86274399999999,1013-036-2262,20
342,PMC1518019073,10130332651,18.586799,73.86183199999999,1013-033-2651,15
343,PMC1518018984,10130332562,18.5860444,73.8623527,1013-033-2562,15
344,PMC1518018985,10130332563,18.5860444,73.8623527,1013-033-2563,15
345,PMC1518018987,10130332565,18.586200100000003,73.8624422,1013-033-2565,15
346,PMC1519033736,10110694049,18.5864874,73.86242309999999,1011-069-4049,15
347,PMC1519033756,10110694069,18.587194,73.862219,1011-069-4069,15
348,PMC1518019039,10130332617,18.587542000000003,73.86219,1013-033-2617,15
349,PMC1518019079,10130332657,18.585982100000003,73.8623818,1013-033-2657,15
350,PMC1519033757,10110694070,18.58553,73.862466,1011-069-4070,15
351,PMC1519033754,10110694067,18.5859074,73.8623818,1011-069-4067,15
352,PMC1518019183,10130332761,18.5857675,73.8625696,1013-033-2761,15
353,PMC1518019187,10130332765,18.58553,73.862466,1013-033-2765,15
354,PMC1518019190,10130332768,18.586033899999997,73.86252940000001,1013-033-2768,15
355,PMC1518019192,10130332770,18.5861219,73.86237779999999,1013-033-2770,15
356,PMC1518019194,10130332772,18.585982100000003,73.8623818,1013-033-2772,15
357,PMC1518019195,10130332773,18.585835,73.8625512,1013-033-2773,15
358,PMC1518019196,10130332774,18.586379,73.862353,1013-033-2774,15
359,PMC1518019198,10130332776,18.5865389,73.86242370000001,1013-033-2776,15
360,PMC1518019573,10130333151,18.5875332,73.8622605,1013-033-3151,15
361,PMC1518019579,10130333157,18.587481399999998,73.8621793,1013-033-3157,15
362,PMC2018008868,10130362125,18.5859521,73.8623818,1013-036-2125,20
363,PMC1518019971,10130333549,18.586109,73.862803,1013-033-3549,15
364,PMC1518019515,10130333093,18.585539800000003,73.8627905,1013-033-3093,15
365,PMC1518019633,10130333211,18.58707,73.86100400000001,1013-033-3211,15
366,PMC1518019634,10130333212,18.58707,73.86100400000001,1013-033-3212,15
367,PMC1518019636,10130333214,18.587647,73.86105,1013-033-3214,15
368,PMC1518019637,10130333215,18.587647,73.86105,1013-033-3215,15
369,PMC1519033760,10110694073,18.588073,73.863586,1011-069-4073,15
370,PMC1518019661,10130333239,18.588064000000003,73.863606,1013-033-3239,15
371,PMC1518019988,10130333566,18.588063000000002,73.86330699999999,1013-033-3566,15
372,PMC1518008718,10130299733,18.588286,73.863417,1013-029-9733,15
373,PMC1518019026,10130332604,18.588281,73.863344,1013-033-2604,15
374,PMC1518019038,10130332616,18.587115,73.860677,1013-033-2616,15
375,PMC1518019077,10130332655,18.586986,73.860618,1013-033-2655,15
376,PMC1518019080,10130332658,18.586721,73.860642,1013-033-2658,15
377,PMC1518019101,10130332679,18.58704,73.860712,1013-033-2679,15
378,PMC1518019102,10130332680,18.586853,73.860629,1013-033-2680,15
379,PMC1518019103,10130332681,18.586843,73.860729,1013-033-2681,15
380,PMC1518019104,10130332682,18.586843,73.860729,1013-033-2682,15
381,PMC1518019105,10130332683,18.586793,73.860639,1013-033-2683,15
382,PMC1518019106,10130332684,18.5870591,73.86070550000001,1013-033-2684,15
383,PMC1518019107,10130332685,18.58751,73.86070699999999,1013-033-2685,15
384,PMC1518019108,10130332686,18.58751,73.86070699999999,1013-033-2686,15
385,PMC1518019109,10130332687,18.586793,73.860639,1013-033-2687,15
386,PMC1518019110,10130332688,18.587126,73.860591,1013-033-2688,15
387,PMC1518019121,10130332699,18.586853,73.860629,1013-033-2699,15
388,PMC1518019122,10130332700,18.587106,73.86055,1013-033-2700,15
389,PMC1518019124,10130332702,18.587342,73.860559,1013-033-2702,15
390,PMC1518019125,10130332703,18.587583,73.86062199999999,1013-033-2703,15
391,PMC1518019126,10130332704,18.587075,73.86070500000001,1013-033-2704,15
392,PMC1518019127,10130332705,18.587106,73.86055,1013-033-2705,15
393,PMC1518019128,10130332706,18.587115,73.860677,1013-033-2706,15
394,PMC1518019129,10130332707,18.587581,73.860541,1013-033-2707,15
395,PMC1518019130,10130332708,18.587583,73.86062199999999,1013-033-2708,15
396,PMC1518008715,10130299730,18.5863701,73.8624298,1013-029-9730,15
397,PMC1518018944,10130332522,18.586951100000004,73.86235129999999,1013-033-2522,15
398,PMC1518018945,10130332523,18.586951100000004,73.86235129999999,1013-033-2523,15
399,PMC1518018946,10130332524,18.587194,73.862219,1013-033-2524,15
400,PMC1518018991,10130332569,18.5867563,73.862296,1013-033-2569,15
401,PMC1518018992,10130332570,18.5866908,73.86230040000001,1013-033-2570,15
402,PMC1518018995,10130332573,18.586873800000003,73.8622632,1013-033-2573,15
403,PMC1518018997,10130332575,18.5872075,73.86231509999999,1013-033-2575,15
404,PMC1518018999,10130332577,18.5867432,73.8622789,1013-033-2577,15
405,PMC1518019000,10130332578,18.586438100000002,73.8623413,1013-033-2578,15
406,PMC1518019571,10130333149,18.5871141,73.8623242,1013-033-3149,15
407,PMC1518008714,10130299729,18.5870073,73.8622672,1013-029-9729,15
408,PMC1518019580,10130333158,18.5871141,73.8623242,1013-033-3158,15
409,PMC1518019031,10130332609,18.589873,73.862971,1013-033-2609,15
410,PMC1518019033,10130332611,18.588988399999998,73.8629609,1013-033-2611,15
411,PMC1518019035,10130332613,18.58945,73.86318299999999,1013-033-2613,15
412,PMC1518019068,10130332646,18.589349,73.863004,1013-033-2646,15
413,PMC1518019070,10130332648,18.589685,73.86309399999999,1013-033-2648,15
414,PMC1518019071,10130332649,18.588148,73.862891,1013-033-2649,15
415,PMC1518019072,10130332650,18.588148,73.862891,1013-033-2650,15
416,PMC1518019076,10130332654,18.588157,73.862709,1013-033-2654,15
417,PMC1518019411,10130332989,18.588767999999998,73.862875,1013-033-2989,15
418,PMC1518019412,10130332990,18.589489999999998,73.86300899999999,1013-033-2990,15
419,PMC1518019413,10130332991,18.589625,73.86317700000001,1013-033-2991,15
420,PMC1518019414,10130332992,18.588008,73.862903,1013-033-2992,15
421,PMC1518019415,10130332993,18.588472,73.86291700000001,1013-033-2993,15
422,PMC1518019416,10130332994,18.588141,73.8635,1013-033-2994,15
423,PMC1518019417,10130332995,18.589456,73.863179,1013-033-2995,15
424,PMC1518019418,10130332996,18.589685,73.86309399999999,1013-033-2996,15
425,PMC1518019419,10130332997,18.589471,73.862995,1013-033-2997,15
426,PMC1518019472,10130333050,18.590083,73.86197,1013-033-3050,15
427,PMC1519033751,10110694064,18.590087,73.86320500000001,1011-069-4064,15
428,PMC1518019575,10130333153,18.588015,73.86296899999999,1013-033-3153,15
429,PMC2018008861,10130362118,18.588015,73.86296899999999,1013-036-2118,20
430,PMC2018008862,10130362119,18.588148,73.862891,1013-036-2119,20
431,PMC2018008863,10130362120,18.588148,73.862891,1013-036-2120,20
432,PMC2018008864,10130362121,18.588062,73.863412,1013-036-2121,20
433,PMC2018008865,10130362122,18.588062,73.863412,1013-036-2122,20
434,PMC2018008866,10130362123,18.588157,73.862709,1013-036-2123,20
435,PMC2018008957,10130362214,18.588988399999998,73.8629609,1013-036-2214,20
436,PMC2018008982,10130362239,18.588472,73.86291700000001,1013-036-2239,20
437,PMC2018008983,10130362240,18.589349,73.863004,1013-036-2240,20
438,PMC2018008984,10130362241,18.589685,73.86309399999999,1013-036-2241,20
439,PMC2018008986,10130362243,18.589685,73.86309399999999,1013-036-2243,20
440,PMC2018008987,10130362244,18.588472,73.86291700000001,1013-036-2244,20
441,PMC1518019979,10130333557,18.588033,73.86295799999999,1013-033-3557,15
442,PMC1518019980,10130333558,18.588026,73.863029,1013-033-3558,15
443,PMC1518019631,10130333209,18.587567,73.860929,1013-033-3209,15
444,PMC1518019632,10130333210,18.587567,73.860929,1013-033-3210,15
445,PMC1518019641,10130333219,18.587213000000002,73.86105,1013-033-3219,15
446,PMC1518019642,10130333220,18.586837,73.86116899999999,1013-033-3220,15
447,PMC1518019643,10130333221,18.586837,73.86116899999999,1013-033-3221,15
448,PMC1518019424,10130333002,18.591094000000002,73.864048,1013-033-3002,15
449,PMC1518019425,10130333003,18.5910295,73.86408270000001,1013-033-3003,15
450,PMC1518019429,10130333007,18.590911600000002,73.8640864,1013-033-3007,15
451,PMC1518019430,10130333008,18.590863,73.864375,1013-033-3008,15
452,PMC1518019431,10130333009,18.5911388,73.8641534,1013-033-3009,15
453,PMC1518019123,10130332701,18.587286,73.860567,1013-033-2701,15
454,PMC2018008867,10130362124,18.587419,73.86065500000001,1013-036-2124,20
455,PMC2018008869,10130362126,18.587447,73.86055,1013-036-2126,20
456,PMC2018008870,10130362127,18.587419,73.86065500000001,1013-036-2127,20
457,PMC1518018941,10130332519,18.587772199999996,73.86372390000001,1013-033-2519,15
458,PMC1518018943,10130332521,18.5862583,73.86244079999999,1013-033-2521,15
459,PMC1519033755,10110694068,18.5866914,73.86224440000001,1011-069-4068,15
460,PMC1518018948,10130332526,18.586261999999998,73.862369,1013-033-2526,15
461,PMC1518018949,10130332527,18.586316399999998,73.8623577,1013-033-2527,15
462,PMC1518018950,10130332528,18.586316399999998,73.8623577,1013-033-2528,15
463,PMC1518018981,10130332559,18.5870648,73.8623245,1013-033-2559,15
464,PMC1518018982,10130332560,18.587004399999998,73.8623386,1013-033-2560,15
465,PMC1519033739,10110694052,18.588909,73.863062,1011-069-4052,15
466,PMC1518019475,10130333053,18.589585,73.863013,1013-033-3053,15
467,PMC1518019565,10130333143,18.589764000000002,73.863349,1013-033-3143,15
468,PMC1518019574,10130333152,18.588054999999997,73.862789,1013-033-3152,15
469,PMC1518018983,10130332561,18.586998100000002,73.8623309,1013-033-2561,15
470,PMC1518018986,10130332564,18.5860444,73.8623527,1013-033-2564,15
471,PMC1518018989,10130332567,18.58621,73.86244,1013-033-2567,15
472,PMC1518018990,10130332568,18.58631,73.862352,1013-033-2568,15
473,PMC1518019075,10130332653,18.587006699999996,73.86235400000001,1013-033-2653,15
474,PMC1518019078,10130332656,18.587006699999996,73.86235400000001,1013-033-2656,15
475,PMC1518019184,10130332762,18.5856987,73.8624147,1013-033-2762,15
476,PMC1518019185,10130332763,18.586033899999997,73.86252940000001,1013-033-2763,15
477,PMC1518019186,10130332764,18.586033899999997,73.86252940000001,1013-033-2764,15
478,PMC1518019188,10130332766,18.585585199999997,73.86246259999999,1013-033-2766,15
479,PMC1518019189,10130332767,18.5857675,73.8625696,1013-033-2767,15
480,PMC1518019191,10130332769,18.58654,73.862397,1013-033-2769,15
481,PMC1518019193,10130332771,18.586676,73.862398,1013-033-2771,15
482,PMC1518019690,10130333268,18.5880789,73.8636861,1013-033-3268,15
483,PMC1518019761,10130333339,18.58977,73.863709,1013-033-3339,15
484,PMC1518018916,10130332494,18.590636,73.864073,1013-033-2494,15
485,PMC1518018917,10130332495,18.590703,73.86398,1013-033-2495,15
486,PMC1518018911,10130332489,18.590692,73.86394200000001,1013-033-2489,15
487,PMC1518018994,10130332572,18.586996799999998,73.8622401,1013-033-2572,15
488,PMC1518018996,10130332574,18.5869457,73.86238449999999,1013-033-2574,15
489,PMC1518019036,10130332614,18.585550899999998,73.8624714,1013-033-2614,15
490,PMC1518019074,10130332652,18.585769199999998,73.86254609999999,1013-033-2652,15
491,PMC1518019197,10130332775,18.586524899999997,73.862344,1013-033-2775,15
492,PMC1518019199,10130332777,18.586524899999997,73.862344,1013-033-2777,15
493,PMC1518019200,10130332778,18.586524899999997,73.862344,1013-033-2778,15
494,PMC1518019572,10130333150,18.5870639,73.86274940000001,1013-033-3150,15
495,PMC1518019577,10130333155,18.586949800000003,73.862347,1013-033-3155,15
496,PMC1518019578,10130333156,18.586949800000003,73.862347,1013-033-3156,15
497,PMC1518019645,10130333223,18.586775,73.861228,1013-033-3223,15
498,PMC1518008591,10130299606,18.587075,73.861011,1013-029-9606,15
499,PMC1518019022,10130332600,18.5882823,73.8632666,1013-033-2600,15
500,PMC2018008958,10130362215,18.588322,73.863318,1013-036-2215,20
501,PMC1518019040,10130332618,18.591524,73.86411290000001,1013-033-2618,15
502,PMC1518019069,10130332647,18.5915259,73.8641662,1013-033-2647,15
503,PMC2018008985,10130362242,18.5915259,73.8641662,1013-036-2242,20
504,PMC1518019681,10130333259,18.588015,73.863271,1013-033-3259,15
505,PMC1518019686,10130333264,18.588072,73.863411,1013-033-3264,15
506,PMC1518019750,10130333328,18.588024,73.863291,1013-033-3328,15
507,PMC1518019796,10130333374,18.588051999999998,73.863352,1013-033-3374,15
508,PMC1518019923,10130333501,18.588127,73.86236,1013-033-3501,15
509,PMC1518019924,10130333502,18.588137,73.86314899999999,1013-033-3502,15
510,PMC1518019927,10130333505,18.588127,73.86236,1013-033-3505,15
511,PMC1518019952,10130333530,18.590151000000002,73.864086,1013-033-3530,15
512,PMC1518019647,10130333225,18.586849,73.861023,1013-033-3225,15
513,PMC1518019650,10130333228,18.58682,73.86121700000001,1013-033-3228,15
514,PMC1518019752,10130333330,18.587497,73.86116899999999,1013-033-3330,15
515,PMC1518019756,10130333334,18.587497,73.86116899999999,1013-033-3334,15
516,PMC1518019757,10130333335,18.587497,73.86116899999999,1013-033-3335,15
517,PMC1518019611,10130333189,18.586606,73.862996,1013-033-3189,15
518,PMC1518019612,10130333190,18.586437,73.86296999999999,1013-033-3190,15
519,PMC1518019613,10130333191,18.586475,73.86296899999999,1013-033-3191,15
520,PMC1519033734,10110694047,18.587235800000002,73.86305809999999,1011-069-4047,15
521,PMC1518019615,10130333193,18.58709,73.863127,1013-033-3193,15
522,PMC1518019617,10130333195,18.587502999999998,73.86347099999999,1013-033-3195,15
523,PMC1518019618,10130333196,18.58709,73.863127,1013-033-3196,15
524,PMC1518019563,10130333141,18.590904000000002,73.863682,1013-033-3141,15
525,PMC1518019564,10130333142,18.590471,73.863405,1013-033-3142,15
526,PMC1518019566,10130333144,18.591597,73.863773,1013-033-3144,15
527,PMC1518008596,10130299611,18.59017,73.86379699999999,1013-029-9611,15
528,PMC1518019065,10130332643,18.5877118,73.8613103,1013-033-2643,15
529,PMC1518019141,10130332719,18.587079,73.86156899999999,1013-033-2719,15
530,PMC1518019142,10130332720,18.586873999999998,73.861426,1013-033-2720,15
531,PMC1518019143,10130332721,18.586825,73.86154499999999,1013-033-2721,15
532,PMC1518019146,10130332724,18.586671,73.86160100000001,1013-033-2724,15
533,PMC1518019147,10130332725,18.586671,73.86160100000001,1013-033-2725,15
534,PMC1518019148,10130332726,18.586671,73.8614645,1013-033-2726,15
535,PMC1518019149,10130332727,18.5875164,73.8613348,1013-033-2727,15
536,PMC1518019150,10130332728,18.587699100000002,73.861324,1013-033-2728,15
537,PMC1519032963,10110693276,18.585791,73.86156700000001,1011-069-3276,15
538,PMC1518019622,10130333200,18.58579,73.86156,1013-033-3200,15
539,PMC1518019627,10130333205,18.585791,73.86156700000001,1013-033-3205,15
540,PMC1518019482,10130333060,18.587826,73.861249,1013-033-3060,15
541,PMC1518019509,10130333087,18.586099,73.862698,1013-033-3087,15
542,PMC1518019510,10130333088,18.586102,73.862702,1013-033-3088,15
543,PMC1518019467,10130333045,18.587310000000002,73.862762,1013-033-3045,15
544,PMC1518019976,10130333554,18.586109,73.862803,1013-033-3554,15
545,PMC1518019714,10130333292,18.58944,73.86348149999999,1013-033-3292,15
546,PMC1518019715,10130333293,18.585445999999997,73.863487,1013-033-3293,15
547,PMC1518019716,10130333294,18.58944,73.86348149999999,1013-033-3294,15
548,PMC1518019717,10130333295,18.58944,73.86348149999999,1013-033-3295,15
549,PMC1518019023,10130332601,18.588344,73.863422,1013-033-2601,15
550,PMC1518019936,10130333514,18.589412,73.863946,1013-033-3514,15
551,PMC1519032962,10110693275,18.589485,73.86403299999999,1011-069-3275,15
552,PMC1518019978,10130333556,18.588310999999997,73.86331899999999,1013-033-3556,15
553,PMC1518019771,10130333349,18.586765,73.861017,1013-033-3349,15
554,PMC1518019772,10130333350,18.586948,73.861098,1013-033-3350,15
555,PMC1518019773,10130333351,18.587128,73.861081,1013-033-3351,15
556,PMC1518019774,10130333352,18.586779999999997,73.861298,1013-033-3352,15
557,PMC1518019775,10130333353,18.586779999999997,73.861298,1013-033-3353,15
558,PMC1518019779,10130333357,18.586717999999998,73.861125,1013-033-3357,15
559,PMC1518019780,10130333358,18.587093,73.861091,1013-033-3358,15
560,PMC1518019602,10130333180,18.586575,73.862003,1013-033-3180,15
561,PMC1518019603,10130333181,18.586098,73.861965,1013-033-3181,15
562,PMC1518019604,10130333182,18.586875,73.862003,1013-033-3182,15
563,PMC1518019644,10130333222,18.586599,73.861887,1013-033-3222,15
564,PMC1518019656,10130333234,18.585454000000002,73.86196600000001,1013-033-3234,15
565,PMC1518019685,10130333263,18.587378,73.861899,1013-033-3263,15
566,PMC1518019932,10130333510,18.586229,73.8620385,1013-033-3510,15
567,PMC1518019934,10130333512,18.5872539,73.8609723,1013-033-3512,15
568,PMC1518019938,10130333516,18.5872539,73.8609723,1013-033-3516,15
569,PMC1518019939,10130333517,18.5872539,73.8609723,1013-033-3517,15
570,PMC1518019925,10130333503,18.5862802,73.861953,1013-033-3503,15
571,PMC1518019940,10130333518,18.588137399999997,73.8630504,1013-033-3518,15
572,PMC1518019935,10130333513,18.5866968,73.8616208,1013-033-3513,15
573,PMC1518019945,10130333523,18.586711800000003,73.8615748,1013-033-3523,15
574,PMC1518019950,10130333528,18.586644699999997,73.8615296,1013-033-3528,15
575,PMC2018008959,10130362216,18.5866552,73.86150500000001,1013-036-2216,20
576,PMC1518019626,10130333204,18.58579,73.86156,1013-033-3204,15
577,PMC1519033737,10110694050,18.585429,73.861623,1011-069-4050,15
578,PMC1518019652,10130333230,18.585429,73.861623,1013-033-3230,15
579,PMC1518019653,10130333231,18.585493,73.86160100000001,1013-033-3231,15
580,PMC1518019654,10130333232,18.585461,73.86169699999999,1013-033-3232,15
581,PMC1518019655,10130333233,18.585691,73.861665,1013-033-3233,15
582,PMC1518019657,10130333235,18.585538,73.861685,1013-033-3235,15
583,PMC1519033735,10110694048,18.585641,73.861676,1011-069-4048,15
584,PMC1518019941,10130333519,18.586468300000003,73.86162309999999,1013-033-3519,15
585,PMC1518019946,10130333524,18.586198899999996,73.86151579999999,1013-033-3524,15
586,PMC2018008901,10130362158,18.5862777,73.861611,1013-036-2158,20
587,PMC2018008902,10130362159,18.5865128,73.8614099,1013-036-2159,20
588,PMC2018008904,10130362161,18.586468300000003,73.86162309999999,1013-036-2161,20
589,PMC2018008905,10130362162,18.586374,73.8615618,1013-036-2162,20
590,PMC2018008906,10130362163,18.5865128,73.8614099,1013-036-2163,20
591,PMC2018008907,10130362164,18.586374,73.8615618,1013-036-2164,20
592,PMC2018008966,10130362223,18.5902306,73.86375109999999,1013-036-2223,20
593,PMC1518019658,10130333236,18.585770999999998,73.86157,1013-033-3236,15
594,PMC1518019659,10130333237,18.585641,73.86160100000001,1013-033-3237,15
595,PMC1518019947,10130333525,18.5862777,73.861611,1013-033-3525,15
596,PMC2018008903,10130362160,18.586701899999998,73.861426,1013-036-2160,20
597,PMC2018008952,10130362209,18.5860447,73.8616761,1013-036-2209,20
598,PMC1518019949,10130333527,18.5878456,73.8605053,1013-033-3527,15
599,PMC1518019863,10130333441,18.586009100000002,73.86297929999999,1013-033-3441,15
600,PMC1518019448,10130333026,18.5913101,73.864372,1013-033-3026,15
601,PMC1518019862,10130333440,18.589951,73.861552,1013-033-3440,15
602,PMC1518019942,10130333520,18.5861935,73.3615064,1013-033-3520,15
603,PMC2018008967,10130362224,18.5861935,73.8615064,1013-036-2224,20
604,PMC2018008968,10130362225,18.5861935,73.8615064,1013-036-2225,20
605,PMC1518019943,10130333521,18.5875936,73.8605127,1013-033-3521,15
606,PMC2018008961,10130362218,18.587543399999998,73.8613012,1013-036-2218,20
607,PMC2018008962,10130362219,18.587543399999998,73.8613012,1013-036-2219,20
608,PMC1518019861,10130333439,18.586413699999998,73.86244959999999,1013-033-3439,15
609,PMC1519034254,10130466310,18.587778600000004,73.8622031,1013-046-6310,15
610,PMC1519034253,10130466309,18.586181399999997,73.8624828,1013-046-6309,15
611,PMC1518019868,10130333446,18.589412,73.8642416,1013-033-3446,15
612,PMC1518019867,10130333445,18.5910854,73.8639737,1013-033-3445,15
613,PMC2018008963,10130362220,18.5866921,73.8615591,1013-036-2220,20
614,PMC1518019869,10130333447,18.5890373,73.86370550000001,1013-033-3447,15
615,PMC1518019864,10130333442,18.5891704,73.8636556,1013-033-3442,15
616,PMC1518019865,10130333443,18.5891704,73.8636556,1013-033-3443,15
617,PMC1518019866,10130333444,18.590503299999998,73.8649313,1013-033-3444,15
618,PMC1518019144,10130332722,18.587111899999996,73.8626584,1013-033-2722,15
619,PMC1518019914,10130333492,18.589735,73.8632,1013-033-3492,15
620,PMC1518019998,10130333576,18.589795000000002,73.863212,1013-033-3576,15
621,PMC1518019915,10130333493,18.5898591,73.8631533,1013-033-3493,15
622,PMC1519034258,10130466314,18.5898591,73.8631533,1013-046-6314,15
623,PMC1518019919,10130333497,18.5898591,73.8631533,1013-033-3497,15
624,PMC1518019913 ,10130333491,18.5898353,73.8632529,1013-033-3491,15
625,PMC1518019999,10130333577,18.589563000000002,73.863078,1013-033-3577,15
626,PMC1518019993,10130333571,18.588387,73.863056,1013-033-3571,15
627,PMC1518019992,10130333570,18.588555,73.863043,1013-033-3570,15
628,PMC1518019996,10130333574,18.589075,73.862933,1013-033-3574,15
629,PMC1518019997,10130333575,18.589157,73.86321099999999,1013-033-3575,15
630,PMC1518019145,10130332723,18.589068,73.863372,1013-033-2723,15
631,PMC1518020000,10130333578,18.589132,73.863288,1013-033-3578,15
632,PMC1518019995,10130333573,18.589111,73.86332,1013-033-3573,15
633,PMC1518019994,10130333572,18.589146,73.863425,1013-033-3572,15
634,PMC2018008970,10130362227,18.589146,73.863425,1013-036-2227,20
635,PMC2018008964,10130362221,18.589146,73.863425,1013-036-2221,20
636,PMC1518019823,10130333401,18.591788,73.86386999999999,1013-033-3401,15
637,PMC1518019822,10130333400,18.587846,73.86101,1013-033-3400,15
638,PMC1518019991,10130333569,18.586534,73.861434,1013-033-3569,15
639,PMC1518019821,10130333399,18.585937,73.862912,1013-033-3399,15
640,PMC1518019826,10130333404,18.587022,73.862686,1013-033-3404,15
641,PMC1518019847,10130333425,18.588125,73.863158,1013-033-3425,15
642,PMC1518019986,10130333564,18.590324,73.863635,1013-033-3564,15
643,PMC2018008936,10130362193,18.589965,73.86326700000001,1013-036-2193,20
644,PMC1518018682,10130332260,18.5901569,73.863274,1013-033-2260,15
645,PMC1518018681,10130332259,18.5899576,73.8634738,1013-033-2259,15
646,PMC1518018690,10130332268,18.589576899999997,73.86297629999999,1013-033-2268,15
647,PMC1518018683,10130332261,18.5880442,73.86353220000001,1013-033-2261,15
648,PMC1518018686,10130332264,18.5880442,73.86353220000001,1013-033-2264,15
649,PMC1518018399,10130331977,18.589972,73.86341800000001,1013-033-1977,15
650,PMC1518018230,10130331808,18.587238,73.86059300000001,1013-033-1808,15
651,PMC2018008940,10130362197,18.586634,73.86146600000001,1013-036-2197,20
652,PMC1518020365,10130333943,18.586579,73.86273100000001,1013-033-3943,15
653,PMC1518018685,10130332263,18.5903104,73.8634266,1013-033-2263,15
654,PMC1518008716,10130299731,18.590587,73.863997,1013-029-9731,15
655,PMC1518008711,10130299726,18.590587,73.863997,1013-029-9726,15
656,PMC2018005735,10130358992,18.590826999999997,73.864242,1013-035-8992,20
657,PMC1518008712,10130299727,18.590826999999997,73.864242,1013-029-9727,15
658,PMC1518008713,10130299728,18.590826999999997,73.864242,1013-029-9728,15
659,PMC1518008719,10130299734,18.585944,73.86146,1013-029-9734,15
660,PMC1519028388,10110688701,18.585684699999998,73.8624476,1011-068-8701,15
661,PMC1518018920,10130332498,18.590304999999997,73.863801,1013-033-2498,15
662,PMC1518019790,10130333368,18.5903631,73.8635523,1013-033-3368,15
663,PMC1518019870,10130333448,18.5903978,73.8649913,1013-033-3448,15
664,PMC1518019953,10130333531,18.590379000000002,73.863795,1013-033-3531,15
665,PMC1519030165,10110690478,18.589887,73.863164,1011-069-0478,15
666,PMC1519031514,10110691827,18.587833899999996,73.8606213,1011-069-1827,15
667,PMC2018001392,10130326770,18.587585,73.8617827,1013-032-6770,20
668,PMC1519032264,10110692577,18.5875889,73.86179609999999,1011-069-2577,15
669,PMC1518019990,10130333568,18.586579,73.86273100000001,1013-033-3568,15
670,PMC1518018915,10130332493,18.590988600000003,73.8641306,1013-033-2493,15
671,PMC1519032981,10110693294,18.588396,73.8636468,1011-069-3294,15
672,PMC1519032983,10110693296,18.58737,73.86227,1011-069-3296,15
673,PMC1519032984,10110693297,18.587338100000004,73.8622169,1011-069-3297,15
674,PMC1519032985,10110693298,18.5909679,73.8647486,1011-069-3298,15
675,PMC1519032986,10110693299,18.587183399999997,73.8622501,1011-069-3299,15
676,PMC1519032987,10110693300,18.589238199999997,73.86390329999999,1011-069-3300,15
677,PMC1519032988,10110693301,18.589238199999997,73.86390329999999,1011-069-3301,15
678,PMC2018005068,10130358325,18.5881764,73.8636743,1013-035-8325,20
679,PMC2018005070,10130358327,18.5892118,73.8638426,1013-035-8327,20
680,PMC1519032982,10110693295,18.590530899999997,73.8640767,1011-069-3295,15
681,PMC1519032990,10110693303,18.58878043,73.86029509999999,1011-069-3303,15
682,PMC1519034111,10130466167,18.590375199999997,73.86362340000001,1013-046-6167,15
